{"cameraMode":{"drawMode":0,"name":"Shaded","section":"Shading Mode"},"sceneLighting":true,"audioPlay":false,"sceneViewState":{"showFog":true,"showMaterialUpdate":true,"showSkybox":true,"showFlares":true,"showImageEffects":true,"showParticleSystems":true},"in2DMode":false,"pivot":{"x":-3.056715965270996,"y":3.6663787364959719,"z":-3.4130849838256838},"rotation":{"x":-0.046913210302591327,"y":-0.7561386823654175,"z":-0.054536279290914538,"w":0.6504464149475098},"size":9.181796073913575,"orthographic":false}